path,modificationTime,length,content,label,damage_prediction
dbfs:/Volumes/main/fsi_smart_claims/volume_claims/Images/35-major.png,2024-12-14T11:57:48Z,1667564,/9j/4AAQSkZJRgABAQAAAQABAAD/2wBDAAgGBgcGBQgHBwcJCQgKDBQNDAsLDBkSEw8UHRofHh0aHBwgJC4nICIsIxwcKDcpLDAxNDQ0Hyc5PTgyPC4zNDL/2wBDAQkJCQwLDBgNDRgyIRwhMjIyMjIyMjIyMjIyMjIyMjIyMjI= (truncated),major,"{""label"":""major"",""score"":0.8327968120574951}"
dbfs:/Volumes/main/fsi_smart_claims/volume_claims/Images/36-major.png,2024-12-14T11:57:48Z,1870977,/9j/4AAQSkZJRgABAQAAAQABAAD/2wBDAAgGBgcGBQgHBwcJCQgKDBQNDAsLDBkSEw8UHRofHh0aHBwgJC4nICIsIxwcKDcpLDAxNDQ0Hyc5PTgyPC4zNDL/2wBDAQkJCQwLDBgNDRgyIRwhMjIyMjIyMjIyMjIyMjIyMjIyMjI= (truncated),major,"{""label"":""major"",""score"":0.8574534058570862}"
dbfs:/Volumes/main/fsi_smart_claims/volume_claims/Images/37-major.png,2024-12-14T11:57:48Z,1942133,/9j/4AAQSkZJRgABAQAAAQABAAD/2wBDAAgGBgcGBQgHBwcJCQgKDBQNDAsLDBkSEw8UHRofHh0aHBwgJC4nICIsIxwcKDcpLDAxNDQ0Hyc5PTgyPC4zNDL/2wBDAQkJCQwLDBgNDRgyIRwhMjIyMjIyMjIyMjIyMjIyMjIyMjI= (truncated),major,"{""label"":""major"",""score"":0.8026067614555359}"
dbfs:/Volumes/main/fsi_smart_claims/volume_claims/Images/38-major.png,2024-12-14T11:57:48Z,1791705,/9j/4AAQSkZJRgABAQAAAQABAAD/2wBDAAgGBgcGBQgHBwcJCQgKDBQNDAsLDBkSEw8UHRofHh0aHBwgJC4nICIsIxwcKDcpLDAxNDQ0Hyc5PTgyPC4zNDL/2wBDAQkJCQwLDBgNDRgyIRwhMjIyMjIyMjIyMjIyMjIyMjIyMjI= (truncated),major,"{""label"":""major"",""score"":0.8105760216712952}"
dbfs:/Volumes/main/fsi_smart_claims/volume_claims/Images/39-major.png,2024-12-14T11:57:48Z,1875301,/9j/4AAQSkZJRgABAQAAAQABAAD/2wBDAAgGBgcGBQgHBwcJCQgKDBQNDAsLDBkSEw8UHRofHh0aHBwgJC4nICIsIxwcKDcpLDAxNDQ0Hyc5PTgyPC4zNDL/2wBDAQkJCQwLDBgNDRgyIRwhMjIyMjIyMjIyMjIyMjIyMjIyMjI= (truncated),major,"{""label"":""major"",""score"":0.8556599617004395}"
dbfs:/Volumes/main/fsi_smart_claims/volume_claims/Images/4-ok.png,2024-12-14T11:57:48Z,1431906,/9j/4AAQSkZJRgABAQAAAQABAAD/2wBDAAgGBgcGBQgHBwcJCQgKDBQNDAsLDBkSEw8UHRofHh0aHBwgJC4nICIsIxwcKDcpLDAxNDQ0Hyc5PTgyPC4zNDL/2wBDAQkJCQwLDBgNDRgyIRwhMjIyMjIyMjIyMjIyMjIyMjIyMjI= (truncated),ok,"{""label"":""ok"",""score"":0.7581426501274109}"
dbfs:/Volumes/main/fsi_smart_claims/volume_claims/Images/40-major.png,2024-12-14T11:57:48Z,1788923,/9j/4AAQSkZJRgABAQAAAQABAAD/2wBDAAgGBgcGBQgHBwcJCQgKDBQNDAsLDBkSEw8UHRofHh0aHBwgJC4nICIsIxwcKDcpLDAxNDQ0Hyc5PTgyPC4zNDL/2wBDAQkJCQwLDBgNDRgyIRwhMjIyMjIyMjIyMjIyMjIyMjIyMjI= (truncated),major,"{""label"":""major"",""score"":0.8643805980682373}"
dbfs:/Volumes/main/fsi_smart_claims/volume_claims/Images/41-major.png,2024-12-14T11:57:48Z,1787111,/9j/4AAQSkZJRgABAQAAAQABAAD/2wBDAAgGBgcGBQgHBwcJCQgKDBQNDAsLDBkSEw8UHRofHh0aHBwgJC4nICIsIxwcKDcpLDAxNDQ0Hyc5PTgyPC4zNDL/2wBDAQkJCQwLDBgNDRgyIRwhMjIyMjIyMjIyMjIyMjIyMjIyMjI= (truncated),major,"{""label"":""major"",""score"":0.8577635288238525}"
dbfs:/Volumes/main/fsi_smart_claims/volume_claims/Images/42-major.png,2024-12-14T11:57:48Z,1752213,/9j/4AAQSkZJRgABAQAAAQABAAD/2wBDAAgGBgcGBQgHBwcJCQgKDBQNDAsLDBkSEw8UHRofHh0aHBwgJC4nICIsIxwcKDcpLDAxNDQ0Hyc5PTgyPC4zNDL/2wBDAQkJCQwLDBgNDRgyIRwhMjIyMjIyMjIyMjIyMjIyMjIyMjI= (truncated),major,"{""label"":""major"",""score"":0.8418014049530029}"
dbfs:/Volumes/main/fsi_smart_claims/volume_claims/Images/43-major.png,2024-12-14T11:57:49Z,1851551,/9j/4AAQSkZJRgABAQAAAQABAAD/2wBDAAgGBgcGBQgHBwcJCQgKDBQNDAsLDBkSEw8UHRofHh0aHBwgJC4nICIsIxwcKDcpLDAxNDQ0Hyc5PTgyPC4zNDL/2wBDAQkJCQwLDBgNDRgyIRwhMjIyMjIyMjIyMjIyMjIyMjIyMjI= (truncated),major,"{""label"":""major"",""score"":0.8791189789772034}"
dbfs:/Volumes/main/fsi_smart_claims/volume_claims/Images/44-major.png,2024-12-14T11:57:48Z,1715024,/9j/4AAQSkZJRgABAQAAAQABAAD/2wBDAAgGBgcGBQgHBwcJCQgKDBQNDAsLDBkSEw8UHRofHh0aHBwgJC4nICIsIxwcKDcpLDAxNDQ0Hyc5PTgyPC4zNDL/2wBDAQkJCQwLDBgNDRgyIRwhMjIyMjIyMjIyMjIyMjIyMjIyMjI= (truncated),major,"{""label"":""major"",""score"":0.8456683158874512}"
dbfs:/Volumes/main/fsi_smart_claims/volume_claims/Images/45-major.png,2024-12-14T11:57:49Z,1870769,/9j/4AAQSkZJRgABAQAAAQABAAD/2wBDAAgGBgcGBQgHBwcJCQgKDBQNDAsLDBkSEw8UHRofHh0aHBwgJC4nICIsIxwcKDcpLDAxNDQ0Hyc5PTgyPC4zNDL/2wBDAQkJCQwLDBgNDRgyIRwhMjIyMjIyMjIyMjIyMjIyMjIyMjI= (truncated),major,"{""label"":""major"",""score"":0.8080094456672668}"
dbfs:/Volumes/main/fsi_smart_claims/volume_claims/Images/46-major.png,2024-12-14T11:57:49Z,1846070,/9j/4AAQSkZJRgABAQAAAQABAAD/2wBDAAgGBgcGBQgHBwcJCQgKDBQNDAsLDBkSEw8UHRofHh0aHBwgJC4nICIsIxwcKDcpLDAxNDQ0Hyc5PTgyPC4zNDL/2wBDAQkJCQwLDBgNDRgyIRwhMjIyMjIyMjIyMjIyMjIyMjIyMjI= (truncated),major,"{""label"":""major"",""score"":0.8720141053199768}"
dbfs:/Volumes/main/fsi_smart_claims/volume_claims/Images/47-major.png,2024-12-14T11:57:49Z,1765672,/9j/4AAQSkZJRgABAQAAAQABAAD/2wBDAAgGBgcGBQgHBwcJCQgKDBQNDAsLDBkSEw8UHRofHh0aHBwgJC4nICIsIxwcKDcpLDAxNDQ0Hyc5PTgyPC4zNDL/2wBDAQkJCQwLDBgNDRgyIRwhMjIyMjIyMjIyMjIyMjIyMjIyMjI= (truncated),major,"{""label"":""major"",""score"":0.8353044986724854}"
dbfs:/Volumes/main/fsi_smart_claims/volume_claims/Images/48-major.png,2024-12-14T11:57:49Z,1770028,/9j/4AAQSkZJRgABAQAAAQABAAD/2wBDAAgGBgcGBQgHBwcJCQgKDBQNDAsLDBkSEw8UHRofHh0aHBwgJC4nICIsIxwcKDcpLDAxNDQ0Hyc5PTgyPC4zNDL/2wBDAQkJCQwLDBgNDRgyIRwhMjIyMjIyMjIyMjIyMjIyMjIyMjI= (truncated),major,"{""label"":""major"",""score"":0.8442486524581909}"
dbfs:/Volumes/main/fsi_smart_claims/volume_claims/Images/49-major.png,2024-12-14T11:57:49Z,2019231,/9j/4AAQSkZJRgABAQAAAQABAAD/2wBDAAgGBgcGBQgHBwcJCQgKDBQNDAsLDBkSEw8UHRofHh0aHBwgJC4nICIsIxwcKDcpLDAxNDQ0Hyc5PTgyPC4zNDL/2wBDAQkJCQwLDBgNDRgyIRwhMjIyMjIyMjIyMjIyMjIyMjIyMjI= (truncated),major,"{""label"":""major"",""score"":0.8334368467330933}"
dbfs:/Volumes/main/fsi_smart_claims/volume_claims/Images/5-ok.png,2024-12-14T11:57:49Z,1540234,/9j/4AAQSkZJRgABAQAAAQABAAD/2wBDAAgGBgcGBQgHBwcJCQgKDBQNDAsLDBkSEw8UHRofHh0aHBwgJC4nICIsIxwcKDcpLDAxNDQ0Hyc5PTgyPC4zNDL/2wBDAQkJCQwLDBgNDRgyIRwhMjIyMjIyMjIyMjIyMjIyMjIyMjI= (truncated),ok,"{""label"":""ok"",""score"":0.7398841381072998}"
dbfs:/Volumes/main/fsi_smart_claims/volume_claims/Images/50-ok.png,2024-12-14T11:57:49Z,1637245,/9j/4AAQSkZJRgABAQAAAQABAAD/2wBDAAgGBgcGBQgHBwcJCQgKDBQNDAsLDBkSEw8UHRofHh0aHBwgJC4nICIsIxwcKDcpLDAxNDQ0Hyc5PTgyPC4zNDL/2wBDAQkJCQwLDBgNDRgyIRwhMjIyMjIyMjIyMjIyMjIyMjIyMjI= (truncated),ok,"{""label"":""ok"",""score"":0.6229787468910217}"
dbfs:/Volumes/main/fsi_smart_claims/volume_claims/Images/51-major.png,2024-12-14T11:57:49Z,1830434,/9j/4AAQSkZJRgABAQAAAQABAAD/2wBDAAgGBgcGBQgHBwcJCQgKDBQNDAsLDBkSEw8UHRofHh0aHBwgJC4nICIsIxwcKDcpLDAxNDQ0Hyc5PTgyPC4zNDL/2wBDAQkJCQwLDBgNDRgyIRwhMjIyMjIyMjIyMjIyMjIyMjIyMjI= (truncated),major,"{""label"":""major"",""score"":0.8643649220466614}"
dbfs:/Volumes/main/fsi_smart_claims/volume_claims/Images/52-ok.png,2024-12-14T11:57:49Z,1511025,/9j/4AAQSkZJRgABAQAAAQABAAD/2wBDAAgGBgcGBQgHBwcJCQgKDBQNDAsLDBkSEw8UHRofHh0aHBwgJC4nICIsIxwcKDcpLDAxNDQ0Hyc5PTgyPC4zNDL/2wBDAQkJCQwLDBgNDRgyIRwhMjIyMjIyMjIyMjIyMjIyMjIyMjI= (truncated),ok,"{""label"":""minor"",""score"":0.6294092535972595}"
dbfs:/Volumes/main/fsi_smart_claims/volume_claims/Images/53-major.png,2024-12-14T11:57:49Z,1808158,/9j/4AAQSkZJRgABAQAAAQABAAD/2wBDAAgGBgcGBQgHBwcJCQgKDBQNDAsLDBkSEw8UHRofHh0aHBwgJC4nICIsIxwcKDcpLDAxNDQ0Hyc5PTgyPC4zNDL/2wBDAQkJCQwLDBgNDRgyIRwhMjIyMjIyMjIyMjIyMjIyMjIyMjI= (truncated),major,"{""label"":""major"",""score"":0.5644731521606445}"
dbfs:/Volumes/main/fsi_smart_claims/volume_claims/Images/54-ok.png,2024-12-14T11:57:49Z,1682280,/9j/4AAQSkZJRgABAQAAAQABAAD/2wBDAAgGBgcGBQgHBwcJCQgKDBQNDAsLDBkSEw8UHRofHh0aHBwgJC4nICIsIxwcKDcpLDAxNDQ0Hyc5PTgyPC4zNDL/2wBDAQkJCQwLDBgNDRgyIRwhMjIyMjIyMjIyMjIyMjIyMjIyMjI= (truncated),ok,"{""label"":""ok"",""score"":0.8337733745574951}"
dbfs:/Volumes/main/fsi_smart_claims/volume_claims/Images/55-minor.png,2024-12-14T11:57:49Z,1819678,/9j/4AAQSkZJRgABAQAAAQABAAD/2wBDAAgGBgcGBQgHBwcJCQgKDBQNDAsLDBkSEw8UHRofHh0aHBwgJC4nICIsIxwcKDcpLDAxNDQ0Hyc5PTgyPC4zNDL/2wBDAQkJCQwLDBgNDRgyIRwhMjIyMjIyMjIyMjIyMjIyMjIyMjI= (truncated),minor,"{""label"":""minor"",""score"":0.7679648399353027}"
dbfs:/Volumes/main/fsi_smart_claims/volume_claims/Images/6-ok.png,2024-12-14T11:57:49Z,1659088,/9j/4AAQSkZJRgABAQAAAQABAAD/2wBDAAgGBgcGBQgHBwcJCQgKDBQNDAsLDBkSEw8UHRofHh0aHBwgJC4nICIsIxwcKDcpLDAxNDQ0Hyc5PTgyPC4zNDL/2wBDAQkJCQwLDBgNDRgyIRwhMjIyMjIyMjIyMjIyMjIyMjIyMjI= (truncated),ok,"{""label"":""ok"",""score"":0.7640703916549683}"
dbfs:/Volumes/main/fsi_smart_claims/volume_claims/Images/7-ok.png,2024-12-14T11:57:49Z,1596078,/9j/4AAQSkZJRgABAQAAAQABAAD/2wBDAAgGBgcGBQgHBwcJCQgKDBQNDAsLDBkSEw8UHRofHh0aHBwgJC4nICIsIxwcKDcpLDAxNDQ0Hyc5PTgyPC4zNDL/2wBDAQkJCQwLDBgNDRgyIRwhMjIyMjIyMjIyMjIyMjIyMjIyMjI= (truncated),ok,"{""label"":""ok"",""score"":0.822134256362915}"
dbfs:/Volumes/main/fsi_smart_claims/volume_claims/Images/8-ok.png,2024-12-14T11:57:49Z,1914876,/9j/4AAQSkZJRgABAQAAAQABAAD/2wBDAAgGBgcGBQgHBwcJCQgKDBQNDAsLDBkSEw8UHRofHh0aHBwgJC4nICIsIxwcKDcpLDAxNDQ0Hyc5PTgyPC4zNDL/2wBDAQkJCQwLDBgNDRgyIRwhMjIyMjIyMjIyMjIyMjIyMjIyMjI= (truncated),ok,"{""label"":""ok"",""score"":0.871762216091156}"
dbfs:/Volumes/main/fsi_smart_claims/volume_claims/Images/0-ok.png,2024-12-14T11:57:46Z,1826771,/9j/4AAQSkZJRgABAQAAAQABAAD/2wBDAAgGBgcGBQgHBwcJCQgKDBQNDAsLDBkSEw8UHRofHh0aHBwgJC4nICIsIxwcKDcpLDAxNDQ0Hyc5PTgyPC4zNDL/2wBDAQkJCQwLDBgNDRgyIRwhMjIyMjIyMjIyMjIyMjIyMjIyMjI= (truncated),ok,"{""label"":""ok"",""score"":0.7820565700531006}"
dbfs:/Volumes/main/fsi_smart_claims/volume_claims/Images/1-minor.png,2024-12-14T11:57:46Z,1596986,/9j/4AAQSkZJRgABAQAAAQABAAD/2wBDAAgGBgcGBQgHBwcJCQgKDBQNDAsLDBkSEw8UHRofHh0aHBwgJC4nICIsIxwcKDcpLDAxNDQ0Hyc5PTgyPC4zNDL/2wBDAQkJCQwLDBgNDRgyIRwhMjIyMjIyMjIyMjIyMjIyMjIyMjI= (truncated),minor,"{""label"":""minor"",""score"":0.7962486743927002}"
dbfs:/Volumes/main/fsi_smart_claims/volume_claims/Images/10-ok.png,2024-12-14T11:57:46Z,1587948,/9j/4AAQSkZJRgABAQAAAQABAAD/2wBDAAgGBgcGBQgHBwcJCQgKDBQNDAsLDBkSEw8UHRofHh0aHBwgJC4nICIsIxwcKDcpLDAxNDQ0Hyc5PTgyPC4zNDL/2wBDAQkJCQwLDBgNDRgyIRwhMjIyMjIyMjIyMjIyMjIyMjIyMjI= (truncated),ok,"{""label"":""ok"",""score"":0.783690869808197}"
dbfs:/Volumes/main/fsi_smart_claims/volume_claims/Images/11-ok.png,2024-12-14T11:57:46Z,1550221,/9j/4AAQSkZJRgABAQAAAQABAAD/2wBDAAgGBgcGBQgHBwcJCQgKDBQNDAsLDBkSEw8UHRofHh0aHBwgJC4nICIsIxwcKDcpLDAxNDQ0Hyc5PTgyPC4zNDL/2wBDAQkJCQwLDBgNDRgyIRwhMjIyMjIyMjIyMjIyMjIyMjIyMjI= (truncated),ok,"{""label"":""ok"",""score"":0.6991289854049683}"
dbfs:/Volumes/main/fsi_smart_claims/volume_claims/Images/12-ok.png,2024-12-14T11:57:46Z,1400100,/9j/4AAQSkZJRgABAQAAAQABAAD/2wBDAAgGBgcGBQgHBwcJCQgKDBQNDAsLDBkSEw8UHRofHh0aHBwgJC4nICIsIxwcKDcpLDAxNDQ0Hyc5PTgyPC4zNDL/2wBDAQkJCQwLDBgNDRgyIRwhMjIyMjIyMjIyMjIyMjIyMjIyMjI= (truncated),ok,"{""label"":""ok"",""score"":0.5853549242019653}"
dbfs:/Volumes/main/fsi_smart_claims/volume_claims/Images/13-ok.png,2024-12-14T11:57:46Z,1380695,/9j/4AAQSkZJRgABAQAAAQABAAD/2wBDAAgGBgcGBQgHBwcJCQgKDBQNDAsLDBkSEw8UHRofHh0aHBwgJC4nICIsIxwcKDcpLDAxNDQ0Hyc5PTgyPC4zNDL/2wBDAQkJCQwLDBgNDRgyIRwhMjIyMjIyMjIyMjIyMjIyMjIyMjI= (truncated),ok,"{""label"":""ok"",""score"":0.8616759777069092}"
dbfs:/Volumes/main/fsi_smart_claims/volume_claims/Images/14-ok.png,2024-12-14T11:57:46Z,1319008,/9j/4AAQSkZJRgABAQAAAQABAAD/2wBDAAgGBgcGBQgHBwcJCQgKDBQNDAsLDBkSEw8UHRofHh0aHBwgJC4nICIsIxwcKDcpLDAxNDQ0Hyc5PTgyPC4zNDL/2wBDAQkJCQwLDBgNDRgyIRwhMjIyMjIyMjIyMjIyMjIyMjIyMjI= (truncated),ok,"{""label"":""ok"",""score"":0.8908630609512329}"
dbfs:/Volumes/main/fsi_smart_claims/volume_claims/Images/15-ok.png,2024-12-14T11:57:46Z,1420595,/9j/4AAQSkZJRgABAQAAAQABAAD/2wBDAAgGBgcGBQgHBwcJCQgKDBQNDAsLDBkSEw8UHRofHh0aHBwgJC4nICIsIxwcKDcpLDAxNDQ0Hyc5PTgyPC4zNDL/2wBDAQkJCQwLDBgNDRgyIRwhMjIyMjIyMjIyMjIyMjIyMjIyMjI= (truncated),ok,"{""label"":""ok"",""score"":0.8637220859527588}"
dbfs:/Volumes/main/fsi_smart_claims/volume_claims/Images/16-minor.png,2024-12-14T11:57:46Z,1656105,/9j/4AAQSkZJRgABAQAAAQABAAD/2wBDAAgGBgcGBQgHBwcJCQgKDBQNDAsLDBkSEw8UHRofHh0aHBwgJC4nICIsIxwcKDcpLDAxNDQ0Hyc5PTgyPC4zNDL/2wBDAQkJCQwLDBgNDRgyIRwhMjIyMjIyMjIyMjIyMjIyMjIyMjI= (truncated),minor,"{""label"":""minor"",""score"":0.8793089985847473}"
dbfs:/Volumes/main/fsi_smart_claims/volume_claims/Images/17-minor.png,2024-12-14T11:57:46Z,1364662,/9j/4AAQSkZJRgABAQAAAQABAAD/2wBDAAgGBgcGBQgHBwcJCQgKDBQNDAsLDBkSEw8UHRofHh0aHBwgJC4nICIsIxwcKDcpLDAxNDQ0Hyc5PTgyPC4zNDL/2wBDAQkJCQwLDBgNDRgyIRwhMjIyMjIyMjIyMjIyMjIyMjIyMjI= (truncated),minor,"{""label"":""minor"",""score"":0.7403527498245239}"
dbfs:/Volumes/main/fsi_smart_claims/volume_claims/Images/18-minor.png,2024-12-14T11:57:47Z,1468312,/9j/4AAQSkZJRgABAQAAAQABAAD/2wBDAAgGBgcGBQgHBwcJCQgKDBQNDAsLDBkSEw8UHRofHh0aHBwgJC4nICIsIxwcKDcpLDAxNDQ0Hyc5PTgyPC4zNDL/2wBDAQkJCQwLDBgNDRgyIRwhMjIyMjIyMjIyMjIyMjIyMjIyMjI= (truncated),minor,"{""label"":""minor"",""score"":0.8888034820556641}"
dbfs:/Volumes/main/fsi_smart_claims/volume_claims/Images/19-minor.png,2024-12-14T11:57:47Z,1519085,/9j/4AAQSkZJRgABAQAAAQABAAD/2wBDAAgGBgcGBQgHBwcJCQgKDBQNDAsLDBkSEw8UHRofHh0aHBwgJC4nICIsIxwcKDcpLDAxNDQ0Hyc5PTgyPC4zNDL/2wBDAQkJCQwLDBgNDRgyIRwhMjIyMjIyMjIyMjIyMjIyMjIyMjI= (truncated),minor,"{""label"":""minor"",""score"":0.8284202218055725}"
dbfs:/Volumes/main/fsi_smart_claims/volume_claims/Images/2-minor.png,2024-12-14T11:57:47Z,1699955,/9j/4AAQSkZJRgABAQAAAQABAAD/2wBDAAgGBgcGBQgHBwcJCQgKDBQNDAsLDBkSEw8UHRofHh0aHBwgJC4nICIsIxwcKDcpLDAxNDQ0Hyc5PTgyPC4zNDL/2wBDAQkJCQwLDBgNDRgyIRwhMjIyMjIyMjIyMjIyMjIyMjIyMjI= (truncated),minor,"{""label"":""minor"",""score"":0.857007622718811}"
dbfs:/Volumes/main/fsi_smart_claims/volume_claims/Images/20-minor.png,2024-12-14T11:57:47Z,1475868,/9j/4AAQSkZJRgABAQAAAQABAAD/2wBDAAgGBgcGBQgHBwcJCQgKDBQNDAsLDBkSEw8UHRofHh0aHBwgJC4nICIsIxwcKDcpLDAxNDQ0Hyc5PTgyPC4zNDL/2wBDAQkJCQwLDBgNDRgyIRwhMjIyMjIyMjIyMjIyMjIyMjIyMjI= (truncated),minor,"{""label"":""minor"",""score"":0.7142083048820496}"
dbfs:/Volumes/main/fsi_smart_claims/volume_claims/Images/21-minor.png,2024-12-14T11:57:47Z,1448062,/9j/4AAQSkZJRgABAQAAAQABAAD/2wBDAAgGBgcGBQgHBwcJCQgKDBQNDAsLDBkSEw8UHRofHh0aHBwgJC4nICIsIxwcKDcpLDAxNDQ0Hyc5PTgyPC4zNDL/2wBDAQkJCQwLDBgNDRgyIRwhMjIyMjIyMjIyMjIyMjIyMjIyMjI= (truncated),minor,"{""label"":""minor"",""score"":0.8285144567489624}"
dbfs:/Volumes/main/fsi_smart_claims/volume_claims/Images/22-minor.png,2024-12-14T11:57:47Z,1533565,/9j/4AAQSkZJRgABAQAAAQABAAD/2wBDAAgGBgcGBQgHBwcJCQgKDBQNDAsLDBkSEw8UHRofHh0aHBwgJC4nICIsIxwcKDcpLDAxNDQ0Hyc5PTgyPC4zNDL/2wBDAQkJCQwLDBgNDRgyIRwhMjIyMjIyMjIyMjIyMjIyMjIyMjI= (truncated),minor,"{""label"":""minor"",""score"":0.894257664680481}"
dbfs:/Volumes/main/fsi_smart_claims/volume_claims/Images/23-minor.png,2024-12-14T11:57:47Z,1570651,/9j/4AAQSkZJRgABAQAAAQABAAD/2wBDAAgGBgcGBQgHBwcJCQgKDBQNDAsLDBkSEw8UHRofHh0aHBwgJC4nICIsIxwcKDcpLDAxNDQ0Hyc5PTgyPC4zNDL/2wBDAQkJCQwLDBgNDRgyIRwhMjIyMjIyMjIyMjIyMjIyMjIyMjI= (truncated),minor,"{""label"":""minor"",""score"":0.8979975581169128}"
dbfs:/Volumes/main/fsi_smart_claims/volume_claims/Images/24-minor.png,2024-12-14T11:57:47Z,1401397,/9j/4AAQSkZJRgABAQAAAQABAAD/2wBDAAgGBgcGBQgHBwcJCQgKDBQNDAsLDBkSEw8UHRofHh0aHBwgJC4nICIsIxwcKDcpLDAxNDQ0Hyc5PTgyPC4zNDL/2wBDAQkJCQwLDBgNDRgyIRwhMjIyMjIyMjIyMjIyMjIyMjIyMjI= (truncated),minor,"{""label"":""minor"",""score"":0.7687364816665649}"
dbfs:/Volumes/main/fsi_smart_claims/volume_claims/Images/25-minor.png,2024-12-14T11:57:47Z,1425057,/9j/4AAQSkZJRgABAQAAAQABAAD/2wBDAAgGBgcGBQgHBwcJCQgKDBQNDAsLDBkSEw8UHRofHh0aHBwgJC4nICIsIxwcKDcpLDAxNDQ0Hyc5PTgyPC4zNDL/2wBDAQkJCQwLDBgNDRgyIRwhMjIyMjIyMjIyMjIyMjIyMjIyMjI= (truncated),minor,"{""label"":""minor"",""score"":0.7929676175117493}"
dbfs:/Volumes/main/fsi_smart_claims/volume_claims/Images/26-minor.png,2024-12-14T11:57:47Z,1561907,/9j/4AAQSkZJRgABAQAAAQABAAD/2wBDAAgGBgcGBQgHBwcJCQgKDBQNDAsLDBkSEw8UHRofHh0aHBwgJC4nICIsIxwcKDcpLDAxNDQ0Hyc5PTgyPC4zNDL/2wBDAQkJCQwLDBgNDRgyIRwhMjIyMjIyMjIyMjIyMjIyMjIyMjI= (truncated),minor,"{""label"":""minor"",""score"":0.9136340022087097}"
dbfs:/Volumes/main/fsi_smart_claims/volume_claims/Images/27-minor.png,2024-12-14T11:57:47Z,1782642,/9j/4AAQSkZJRgABAQAAAQABAAD/2wBDAAgGBgcGBQgHBwcJCQgKDBQNDAsLDBkSEw8UHRofHh0aHBwgJC4nICIsIxwcKDcpLDAxNDQ0Hyc5PTgyPC4zNDL/2wBDAQkJCQwLDBgNDRgyIRwhMjIyMjIyMjIyMjIyMjIyMjIyMjI= (truncated),minor,"{""label"":""minor"",""score"":0.7965795397758484}"
dbfs:/Volumes/main/fsi_smart_claims/volume_claims/Images/28-minor.png,2024-12-14T11:57:47Z,1715290,/9j/4AAQSkZJRgABAQAAAQABAAD/2wBDAAgGBgcGBQgHBwcJCQgKDBQNDAsLDBkSEw8UHRofHh0aHBwgJC4nICIsIxwcKDcpLDAxNDQ0Hyc5PTgyPC4zNDL/2wBDAQkJCQwLDBgNDRgyIRwhMjIyMjIyMjIyMjIyMjIyMjIyMjI= (truncated),minor,"{""label"":""minor"",""score"":0.8623148202896118}"
dbfs:/Volumes/main/fsi_smart_claims/volume_claims/Images/29-minor.png,2024-12-14T11:57:47Z,2053150,/9j/4AAQSkZJRgABAQAAAQABAAD/2wBDAAgGBgcGBQgHBwcJCQgKDBQNDAsLDBkSEw8UHRofHh0aHBwgJC4nICIsIxwcKDcpLDAxNDQ0Hyc5PTgyPC4zNDL/2wBDAQkJCQwLDBgNDRgyIRwhMjIyMjIyMjIyMjIyMjIyMjIyMjI= (truncated),minor,"{""label"":""minor"",""score"":0.8006566166877747}"
dbfs:/Volumes/main/fsi_smart_claims/volume_claims/Images/3-ok.png,2024-12-14T11:57:48Z,1604294,/9j/4AAQSkZJRgABAQAAAQABAAD/2wBDAAgGBgcGBQgHBwcJCQgKDBQNDAsLDBkSEw8UHRofHh0aHBwgJC4nICIsIxwcKDcpLDAxNDQ0Hyc5PTgyPC4zNDL/2wBDAQkJCQwLDBgNDRgyIRwhMjIyMjIyMjIyMjIyMjIyMjIyMjI= (truncated),ok,"{""label"":""ok"",""score"":0.7899010181427002}"
dbfs:/Volumes/main/fsi_smart_claims/volume_claims/Images/30-minor.png,2024-12-14T11:57:48Z,1663178,/9j/4AAQSkZJRgABAQAAAQABAAD/2wBDAAgGBgcGBQgHBwcJCQgKDBQNDAsLDBkSEw8UHRofHh0aHBwgJC4nICIsIxwcKDcpLDAxNDQ0Hyc5PTgyPC4zNDL/2wBDAQkJCQwLDBgNDRgyIRwhMjIyMjIyMjIyMjIyMjIyMjIyMjI= (truncated),minor,"{""label"":""minor"",""score"":0.8942524790763855}"
dbfs:/Volumes/main/fsi_smart_claims/volume_claims/Images/31-minor.png,2024-12-14T11:57:48Z,1735670,/9j/4AAQSkZJRgABAQAAAQABAAD/2wBDAAgGBgcGBQgHBwcJCQgKDBQNDAsLDBkSEw8UHRofHh0aHBwgJC4nICIsIxwcKDcpLDAxNDQ0Hyc5PTgyPC4zNDL/2wBDAQkJCQwLDBgNDRgyIRwhMjIyMjIyMjIyMjIyMjIyMjIyMjI= (truncated),minor,"{""label"":""minor"",""score"":0.7059509754180908}"
dbfs:/Volumes/main/fsi_smart_claims/volume_claims/Images/32-minor.png,2024-12-14T11:57:48Z,1701325,/9j/4AAQSkZJRgABAQAAAQABAAD/2wBDAAgGBgcGBQgHBwcJCQgKDBQNDAsLDBkSEw8UHRofHh0aHBwgJC4nICIsIxwcKDcpLDAxNDQ0Hyc5PTgyPC4zNDL/2wBDAQkJCQwLDBgNDRgyIRwhMjIyMjIyMjIyMjIyMjIyMjIyMjI= (truncated),minor,"{""label"":""minor"",""score"":0.874478280544281}"
dbfs:/Volumes/main/fsi_smart_claims/volume_claims/Images/33-minor.png,2024-12-14T11:57:48Z,1669305,/9j/4AAQSkZJRgABAQAAAQABAAD/2wBDAAgGBgcGBQgHBwcJCQgKDBQNDAsLDBkSEw8UHRofHh0aHBwgJC4nICIsIxwcKDcpLDAxNDQ0Hyc5PTgyPC4zNDL/2wBDAQkJCQwLDBgNDRgyIRwhMjIyMjIyMjIyMjIyMjIyMjIyMjI= (truncated),minor,"{""label"":""minor"",""score"":0.9074392318725586}"
dbfs:/Volumes/main/fsi_smart_claims/volume_claims/Images/34-major.png,2024-12-14T11:57:48Z,1661230,/9j/4AAQSkZJRgABAQAAAQABAAD/2wBDAAgGBgcGBQgHBwcJCQgKDBQNDAsLDBkSEw8UHRofHh0aHBwgJC4nICIsIxwcKDcpLDAxNDQ0Hyc5PTgyPC4zNDL/2wBDAQkJCQwLDBgNDRgyIRwhMjIyMjIyMjIyMjIyMjIyMjIyMjI= (truncated),major,"{""label"":""major"",""score"":0.7467783093452454}"
dbfs:/Volumes/main/fsi_smart_claims/volume_claims/Images/9-ok.png,2024-12-14T11:57:49Z,2008072,/9j/4AAQSkZJRgABAQAAAQABAAD/2wBDAAgGBgcGBQgHBwcJCQgKDBQNDAsLDBkSEw8UHRofHh0aHBwgJC4nICIsIxwcKDcpLDAxNDQ0Hyc5PTgyPC4zNDL/2wBDAQkJCQwLDBgNDRgyIRwhMjIyMjIyMjIyMjIyMjIyMjIyMjI= (truncated),ok,"{""label"":""ok"",""score"":0.683421790599823}"
