path,modificationTime,length,content,label,damage_prediction
dbfs:/Volumes/main/fsi_smart_claims/volume_claims/Images/35-major.png,2024-12-14T11:57:48Z,1667564,/9j/4AAQSkZJRgABAQAAAQABAAD/2wBDAAgGBgcGBQgHBwcJCQgKDBQNDAsLDBkSEw8UHRofHh0aHBwgJC4nICIsIxwcKDcpLDAxNDQ0Hyc5PTgyPC4zNDL/2wBDAQkJCQwLDBgNDRgyIRwhMjIyMjIyMjIyMjIyMjIyMjIyMjI= (truncated),major,"{""label"":""major"",""score"":0.3465290367603302}"
dbfs:/Volumes/main/fsi_smart_claims/volume_claims/Images/36-major.png,2024-12-14T11:57:48Z,1870977,/9j/4AAQSkZJRgABAQAAAQABAAD/2wBDAAgGBgcGBQgHBwcJCQgKDBQNDAsLDBkSEw8UHRofHh0aHBwgJC4nICIsIxwcKDcpLDAxNDQ0Hyc5PTgyPC4zNDL/2wBDAQkJCQwLDBgNDRgyIRwhMjIyMjIyMjIyMjIyMjIyMjIyMjI= (truncated),major,"{""label"":""ok"",""score"":0.33943048119544983}"
dbfs:/Volumes/main/fsi_smart_claims/volume_claims/Images/37-major.png,2024-12-14T11:57:48Z,1942133,/9j/4AAQSkZJRgABAQAAAQABAAD/2wBDAAgGBgcGBQgHBwcJCQgKDBQNDAsLDBkSEw8UHRofHh0aHBwgJC4nICIsIxwcKDcpLDAxNDQ0Hyc5PTgyPC4zNDL/2wBDAQkJCQwLDBgNDRgyIRwhMjIyMjIyMjIyMjIyMjIyMjIyMjI= (truncated),major,"{""label"":""major"",""score"":0.34893372654914856}"
dbfs:/Volumes/main/fsi_smart_claims/volume_claims/Images/38-major.png,2024-12-14T11:57:48Z,1791705,/9j/4AAQSkZJRgABAQAAAQABAAD/2wBDAAgGBgcGBQgHBwcJCQgKDBQNDAsLDBkSEw8UHRofHh0aHBwgJC4nICIsIxwcKDcpLDAxNDQ0Hyc5PTgyPC4zNDL/2wBDAQkJCQwLDBgNDRgyIRwhMjIyMjIyMjIyMjIyMjIyMjIyMjI= (truncated),major,"{""label"":""major"",""score"":0.36395004391670227}"
dbfs:/Volumes/main/fsi_smart_claims/volume_claims/Images/39-major.png,2024-12-14T11:57:48Z,1875301,/9j/4AAQSkZJRgABAQAAAQABAAD/2wBDAAgGBgcGBQgHBwcJCQgKDBQNDAsLDBkSEw8UHRofHh0aHBwgJC4nICIsIxwcKDcpLDAxNDQ0Hyc5PTgyPC4zNDL/2wBDAQkJCQwLDBgNDRgyIRwhMjIyMjIyMjIyMjIyMjIyMjIyMjI= (truncated),major,"{""label"":""major"",""score"":0.3511832058429718}"
dbfs:/Volumes/main/fsi_smart_claims/volume_claims/Images/4-ok.png,2024-12-14T11:57:48Z,1431906,/9j/4AAQSkZJRgABAQAAAQABAAD/2wBDAAgGBgcGBQgHBwcJCQgKDBQNDAsLDBkSEw8UHRofHh0aHBwgJC4nICIsIxwcKDcpLDAxNDQ0Hyc5PTgyPC4zNDL/2wBDAQkJCQwLDBgNDRgyIRwhMjIyMjIyMjIyMjIyMjIyMjIyMjI= (truncated),ok,"{""label"":""minor"",""score"":0.38747602701187134}"
dbfs:/Volumes/main/fsi_smart_claims/volume_claims/Images/40-major.png,2024-12-14T11:57:48Z,1788923,/9j/4AAQSkZJRgABAQAAAQABAAD/2wBDAAgGBgcGBQgHBwcJCQgKDBQNDAsLDBkSEw8UHRofHh0aHBwgJC4nICIsIxwcKDcpLDAxNDQ0Hyc5PTgyPC4zNDL/2wBDAQkJCQwLDBgNDRgyIRwhMjIyMjIyMjIyMjIyMjIyMjIyMjI= (truncated),major,"{""label"":""major"",""score"":0.3548544645309448}"
dbfs:/Volumes/main/fsi_smart_claims/volume_claims/Images/41-major.png,2024-12-14T11:57:48Z,1787111,/9j/4AAQSkZJRgABAQAAAQABAAD/2wBDAAgGBgcGBQgHBwcJCQgKDBQNDAsLDBkSEw8UHRofHh0aHBwgJC4nICIsIxwcKDcpLDAxNDQ0Hyc5PTgyPC4zNDL/2wBDAQkJCQwLDBgNDRgyIRwhMjIyMjIyMjIyMjIyMjIyMjIyMjI= (truncated),major,"{""label"":""major"",""score"":0.35238713026046753}"
dbfs:/Volumes/main/fsi_smart_claims/volume_claims/Images/42-major.png,2024-12-14T11:57:48Z,1752213,/9j/4AAQSkZJRgABAQAAAQABAAD/2wBDAAgGBgcGBQgHBwcJCQgKDBQNDAsLDBkSEw8UHRofHh0aHBwgJC4nICIsIxwcKDcpLDAxNDQ0Hyc5PTgyPC4zNDL/2wBDAQkJCQwLDBgNDRgyIRwhMjIyMjIyMjIyMjIyMjIyMjIyMjI= (truncated),major,"{""label"":""major"",""score"":0.3598436117172241}"
dbfs:/Volumes/main/fsi_smart_claims/volume_claims/Images/43-major.png,2024-12-14T11:57:49Z,1851551,/9j/4AAQSkZJRgABAQAAAQABAAD/2wBDAAgGBgcGBQgHBwcJCQgKDBQNDAsLDBkSEw8UHRofHh0aHBwgJC4nICIsIxwcKDcpLDAxNDQ0Hyc5PTgyPC4zNDL/2wBDAQkJCQwLDBgNDRgyIRwhMjIyMjIyMjIyMjIyMjIyMjIyMjI= (truncated),major,"{""label"":""major"",""score"":0.3584907054901123}"
dbfs:/Volumes/main/fsi_smart_claims/volume_claims/Images/44-major.png,2024-12-14T11:57:48Z,1715024,/9j/4AAQSkZJRgABAQAAAQABAAD/2wBDAAgGBgcGBQgHBwcJCQgKDBQNDAsLDBkSEw8UHRofHh0aHBwgJC4nICIsIxwcKDcpLDAxNDQ0Hyc5PTgyPC4zNDL/2wBDAQkJCQwLDBgNDRgyIRwhMjIyMjIyMjIyMjIyMjIyMjIyMjI= (truncated),major,"{""label"":""major"",""score"":0.3463728129863739}"
dbfs:/Volumes/main/fsi_smart_claims/volume_claims/Images/45-major.png,2024-12-14T11:57:49Z,1870769,/9j/4AAQSkZJRgABAQAAAQABAAD/2wBDAAgGBgcGBQgHBwcJCQgKDBQNDAsLDBkSEw8UHRofHh0aHBwgJC4nICIsIxwcKDcpLDAxNDQ0Hyc5PTgyPC4zNDL/2wBDAQkJCQwLDBgNDRgyIRwhMjIyMjIyMjIyMjIyMjIyMjIyMjI= (truncated),major,"{""label"":""major"",""score"":0.3628261685371399}"
dbfs:/Volumes/main/fsi_smart_claims/volume_claims/Images/46-major.png,2024-12-14T11:57:49Z,1846070,/9j/4AAQSkZJRgABAQAAAQABAAD/2wBDAAgGBgcGBQgHBwcJCQgKDBQNDAsLDBkSEw8UHRofHh0aHBwgJC4nICIsIxwcKDcpLDAxNDQ0Hyc5PTgyPC4zNDL/2wBDAQkJCQwLDBgNDRgyIRwhMjIyMjIyMjIyMjIyMjIyMjIyMjI= (truncated),major,"{""label"":""major"",""score"":0.3626558184623718}"
dbfs:/Volumes/main/fsi_smart_claims/volume_claims/Images/47-major.png,2024-12-14T11:57:49Z,1765672,/9j/4AAQSkZJRgABAQAAAQABAAD/2wBDAAgGBgcGBQgHBwcJCQgKDBQNDAsLDBkSEw8UHRofHh0aHBwgJC4nICIsIxwcKDcpLDAxNDQ0Hyc5PTgyPC4zNDL/2wBDAQkJCQwLDBgNDRgyIRwhMjIyMjIyMjIyMjIyMjIyMjIyMjI= (truncated),major,"{""label"":""major"",""score"":0.3654513359069824}"
dbfs:/Volumes/main/fsi_smart_claims/volume_claims/Images/48-major.png,2024-12-14T11:57:49Z,1770028,/9j/4AAQSkZJRgABAQAAAQABAAD/2wBDAAgGBgcGBQgHBwcJCQgKDBQNDAsLDBkSEw8UHRofHh0aHBwgJC4nICIsIxwcKDcpLDAxNDQ0Hyc5PTgyPC4zNDL/2wBDAQkJCQwLDBgNDRgyIRwhMjIyMjIyMjIyMjIyMjIyMjIyMjI= (truncated),major,"{""label"":""major"",""score"":0.3534759283065796}"
dbfs:/Volumes/main/fsi_smart_claims/volume_claims/Images/49-major.png,2024-12-14T11:57:49Z,2019231,/9j/4AAQSkZJRgABAQAAAQABAAD/2wBDAAgGBgcGBQgHBwcJCQgKDBQNDAsLDBkSEw8UHRofHh0aHBwgJC4nICIsIxwcKDcpLDAxNDQ0Hyc5PTgyPC4zNDL/2wBDAQkJCQwLDBgNDRgyIRwhMjIyMjIyMjIyMjIyMjIyMjIyMjI= (truncated),major,"{""label"":""major"",""score"":0.3421623110771179}"
dbfs:/Volumes/main/fsi_smart_claims/volume_claims/Images/5-ok.png,2024-12-14T11:57:49Z,1540234,/9j/4AAQSkZJRgABAQAAAQABAAD/2wBDAAgGBgcGBQgHBwcJCQgKDBQNDAsLDBkSEw8UHRofHh0aHBwgJC4nICIsIxwcKDcpLDAxNDQ0Hyc5PTgyPC4zNDL/2wBDAQkJCQwLDBgNDRgyIRwhMjIyMjIyMjIyMjIyMjIyMjIyMjI= (truncated),ok,"{""label"":""minor"",""score"":0.38479486107826233}"
dbfs:/Volumes/main/fsi_smart_claims/volume_claims/Images/50-ok.png,2024-12-14T11:57:49Z,1637245,/9j/4AAQSkZJRgABAQAAAQABAAD/2wBDAAgGBgcGBQgHBwcJCQgKDBQNDAsLDBkSEw8UHRofHh0aHBwgJC4nICIsIxwcKDcpLDAxNDQ0Hyc5PTgyPC4zNDL/2wBDAQkJCQwLDBgNDRgyIRwhMjIyMjIyMjIyMjIyMjIyMjIyMjI= (truncated),ok,"{""label"":""minor"",""score"":0.35354316234588623}"
dbfs:/Volumes/main/fsi_smart_claims/volume_claims/Images/51-major.png,2024-12-14T11:57:49Z,1830434,/9j/4AAQSkZJRgABAQAAAQABAAD/2wBDAAgGBgcGBQgHBwcJCQgKDBQNDAsLDBkSEw8UHRofHh0aHBwgJC4nICIsIxwcKDcpLDAxNDQ0Hyc5PTgyPC4zNDL/2wBDAQkJCQwLDBgNDRgyIRwhMjIyMjIyMjIyMjIyMjIyMjIyMjI= (truncated),major,"{""label"":""major"",""score"":0.3942020535469055}"
dbfs:/Volumes/main/fsi_smart_claims/volume_claims/Images/52-ok.png,2024-12-14T11:57:49Z,1511025,/9j/4AAQSkZJRgABAQAAAQABAAD/2wBDAAgGBgcGBQgHBwcJCQgKDBQNDAsLDBkSEw8UHRofHh0aHBwgJC4nICIsIxwcKDcpLDAxNDQ0Hyc5PTgyPC4zNDL/2wBDAQkJCQwLDBgNDRgyIRwhMjIyMjIyMjIyMjIyMjIyMjIyMjI= (truncated),ok,"{""label"":""minor"",""score"":0.3528174161911011}"
dbfs:/Volumes/main/fsi_smart_claims/volume_claims/Images/53-major.png,2024-12-14T11:57:49Z,1808158,/9j/4AAQSkZJRgABAQAAAQABAAD/2wBDAAgGBgcGBQgHBwcJCQgKDBQNDAsLDBkSEw8UHRofHh0aHBwgJC4nICIsIxwcKDcpLDAxNDQ0Hyc5PTgyPC4zNDL/2wBDAQkJCQwLDBgNDRgyIRwhMjIyMjIyMjIyMjIyMjIyMjIyMjI= (truncated),major,"{""label"":""major"",""score"":0.3487772047519684}"
dbfs:/Volumes/main/fsi_smart_claims/volume_claims/Images/54-ok.png,2024-12-14T11:57:49Z,1682280,/9j/4AAQSkZJRgABAQAAAQABAAD/2wBDAAgGBgcGBQgHBwcJCQgKDBQNDAsLDBkSEw8UHRofHh0aHBwgJC4nICIsIxwcKDcpLDAxNDQ0Hyc5PTgyPC4zNDL/2wBDAQkJCQwLDBgNDRgyIRwhMjIyMjIyMjIyMjIyMjIyMjIyMjI= (truncated),ok,"{""label"":""ok"",""score"":0.34752607345581055}"
dbfs:/Volumes/main/fsi_smart_claims/volume_claims/Images/55-minor.png,2024-12-14T11:57:49Z,1819678,/9j/4AAQSkZJRgABAQAAAQABAAD/2wBDAAgGBgcGBQgHBwcJCQgKDBQNDAsLDBkSEw8UHRofHh0aHBwgJC4nICIsIxwcKDcpLDAxNDQ0Hyc5PTgyPC4zNDL/2wBDAQkJCQwLDBgNDRgyIRwhMjIyMjIyMjIyMjIyMjIyMjIyMjI= (truncated),minor,"{""label"":""minor"",""score"":0.3605444133281708}"
dbfs:/Volumes/main/fsi_smart_claims/volume_claims/Images/6-ok.png,2024-12-14T11:57:49Z,1659088,/9j/4AAQSkZJRgABAQAAAQABAAD/2wBDAAgGBgcGBQgHBwcJCQgKDBQNDAsLDBkSEw8UHRofHh0aHBwgJC4nICIsIxwcKDcpLDAxNDQ0Hyc5PTgyPC4zNDL/2wBDAQkJCQwLDBgNDRgyIRwhMjIyMjIyMjIyMjIyMjIyMjIyMjI= (truncated),ok,"{""label"":""ok"",""score"":0.34644466638565063}"
dbfs:/Volumes/main/fsi_smart_claims/volume_claims/Images/7-ok.png,2024-12-14T11:57:49Z,1596078,/9j/4AAQSkZJRgABAQAAAQABAAD/2wBDAAgGBgcGBQgHBwcJCQgKDBQNDAsLDBkSEw8UHRofHh0aHBwgJC4nICIsIxwcKDcpLDAxNDQ0Hyc5PTgyPC4zNDL/2wBDAQkJCQwLDBgNDRgyIRwhMjIyMjIyMjIyMjIyMjIyMjIyMjI= (truncated),ok,"{""label"":""minor"",""score"":0.37407582998275757}"
dbfs:/Volumes/main/fsi_smart_claims/volume_claims/Images/8-ok.png,2024-12-14T11:57:49Z,1914876,/9j/4AAQSkZJRgABAQAAAQABAAD/2wBDAAgGBgcGBQgHBwcJCQgKDBQNDAsLDBkSEw8UHRofHh0aHBwgJC4nICIsIxwcKDcpLDAxNDQ0Hyc5PTgyPC4zNDL/2wBDAQkJCQwLDBgNDRgyIRwhMjIyMjIyMjIyMjIyMjIyMjIyMjI= (truncated),ok,"{""label"":""ok"",""score"":0.3597605228424072}"
dbfs:/Volumes/main/fsi_smart_claims/volume_claims/Images/9-ok.png,2024-12-14T11:57:49Z,2008072,/9j/4AAQSkZJRgABAQAAAQABAAD/2wBDAAgGBgcGBQgHBwcJCQgKDBQNDAsLDBkSEw8UHRofHh0aHBwgJC4nICIsIxwcKDcpLDAxNDQ0Hyc5PTgyPC4zNDL/2wBDAQkJCQwLDBgNDRgyIRwhMjIyMjIyMjIyMjIyMjIyMjIyMjI= (truncated),ok,"{""label"":""minor"",""score"":0.3508691191673279}"
dbfs:/Volumes/main/fsi_smart_claims/volume_claims/Images/0-ok.png,2024-12-14T11:57:46Z,1826771,/9j/4AAQSkZJRgABAQAAAQABAAD/2wBDAAgGBgcGBQgHBwcJCQgKDBQNDAsLDBkSEw8UHRofHh0aHBwgJC4nICIsIxwcKDcpLDAxNDQ0Hyc5PTgyPC4zNDL/2wBDAQkJCQwLDBgNDRgyIRwhMjIyMjIyMjIyMjIyMjIyMjIyMjI= (truncated),ok,"{""label"":""minor"",""score"":0.3635307252407074}"
dbfs:/Volumes/main/fsi_smart_claims/volume_claims/Images/1-minor.png,2024-12-14T11:57:46Z,1596986,/9j/4AAQSkZJRgABAQAAAQABAAD/2wBDAAgGBgcGBQgHBwcJCQgKDBQNDAsLDBkSEw8UHRofHh0aHBwgJC4nICIsIxwcKDcpLDAxNDQ0Hyc5PTgyPC4zNDL/2wBDAQkJCQwLDBgNDRgyIRwhMjIyMjIyMjIyMjIyMjIyMjIyMjI= (truncated),minor,"{""label"":""minor"",""score"":0.3589213192462921}"
dbfs:/Volumes/main/fsi_smart_claims/volume_claims/Images/10-ok.png,2024-12-14T11:57:46Z,1587948,/9j/4AAQSkZJRgABAQAAAQABAAD/2wBDAAgGBgcGBQgHBwcJCQgKDBQNDAsLDBkSEw8UHRofHh0aHBwgJC4nICIsIxwcKDcpLDAxNDQ0Hyc5PTgyPC4zNDL/2wBDAQkJCQwLDBgNDRgyIRwhMjIyMjIyMjIyMjIyMjIyMjIyMjI= (truncated),ok,"{""label"":""minor"",""score"":0.3685865104198456}"
dbfs:/Volumes/main/fsi_smart_claims/volume_claims/Images/11-ok.png,2024-12-14T11:57:46Z,1550221,/9j/4AAQSkZJRgABAQAAAQABAAD/2wBDAAgGBgcGBQgHBwcJCQgKDBQNDAsLDBkSEw8UHRofHh0aHBwgJC4nICIsIxwcKDcpLDAxNDQ0Hyc5PTgyPC4zNDL/2wBDAQkJCQwLDBgNDRgyIRwhMjIyMjIyMjIyMjIyMjIyMjIyMjI= (truncated),ok,"{""label"":""ok"",""score"":0.33801159262657166}"
dbfs:/Volumes/main/fsi_smart_claims/volume_claims/Images/12-ok.png,2024-12-14T11:57:46Z,1400100,/9j/4AAQSkZJRgABAQAAAQABAAD/2wBDAAgGBgcGBQgHBwcJCQgKDBQNDAsLDBkSEw8UHRofHh0aHBwgJC4nICIsIxwcKDcpLDAxNDQ0Hyc5PTgyPC4zNDL/2wBDAQkJCQwLDBgNDRgyIRwhMjIyMjIyMjIyMjIyMjIyMjIyMjI= (truncated),ok,"{""label"":""minor"",""score"":0.3618149757385254}"
dbfs:/Volumes/main/fsi_smart_claims/volume_claims/Images/13-ok.png,2024-12-14T11:57:46Z,1380695,/9j/4AAQSkZJRgABAQAAAQABAAD/2wBDAAgGBgcGBQgHBwcJCQgKDBQNDAsLDBkSEw8UHRofHh0aHBwgJC4nICIsIxwcKDcpLDAxNDQ0Hyc5PTgyPC4zNDL/2wBDAQkJCQwLDBgNDRgyIRwhMjIyMjIyMjIyMjIyMjIyMjIyMjI= (truncated),ok,"{""label"":""ok"",""score"":0.35134509205818176}"
dbfs:/Volumes/main/fsi_smart_claims/volume_claims/Images/14-ok.png,2024-12-14T11:57:46Z,1319008,/9j/4AAQSkZJRgABAQAAAQABAAD/2wBDAAgGBgcGBQgHBwcJCQgKDBQNDAsLDBkSEw8UHRofHh0aHBwgJC4nICIsIxwcKDcpLDAxNDQ0Hyc5PTgyPC4zNDL/2wBDAQkJCQwLDBgNDRgyIRwhMjIyMjIyMjIyMjIyMjIyMjIyMjI= (truncated),ok,"{""label"":""ok"",""score"":0.36415785551071167}"
dbfs:/Volumes/main/fsi_smart_claims/volume_claims/Images/15-ok.png,2024-12-14T11:57:46Z,1420595,/9j/4AAQSkZJRgABAQAAAQABAAD/2wBDAAgGBgcGBQgHBwcJCQgKDBQNDAsLDBkSEw8UHRofHh0aHBwgJC4nICIsIxwcKDcpLDAxNDQ0Hyc5PTgyPC4zNDL/2wBDAQkJCQwLDBgNDRgyIRwhMjIyMjIyMjIyMjIyMjIyMjIyMjI= (truncated),ok,"{""label"":""ok"",""score"":0.34521958231925964}"
dbfs:/Volumes/main/fsi_smart_claims/volume_claims/Images/16-minor.png,2024-12-14T11:57:46Z,1656105,/9j/4AAQSkZJRgABAQAAAQABAAD/2wBDAAgGBgcGBQgHBwcJCQgKDBQNDAsLDBkSEw8UHRofHh0aHBwgJC4nICIsIxwcKDcpLDAxNDQ0Hyc5PTgyPC4zNDL/2wBDAQkJCQwLDBgNDRgyIRwhMjIyMjIyMjIyMjIyMjIyMjIyMjI= (truncated),minor,"{""label"":""minor"",""score"":0.43662866950035095}"
dbfs:/Volumes/main/fsi_smart_claims/volume_claims/Images/17-minor.png,2024-12-14T11:57:46Z,1364662,/9j/4AAQSkZJRgABAQAAAQABAAD/2wBDAAgGBgcGBQgHBwcJCQgKDBQNDAsLDBkSEw8UHRofHh0aHBwgJC4nICIsIxwcKDcpLDAxNDQ0Hyc5PTgyPC4zNDL/2wBDAQkJCQwLDBgNDRgyIRwhMjIyMjIyMjIyMjIyMjIyMjIyMjI= (truncated),minor,"{""label"":""minor"",""score"":0.3934224545955658}"
dbfs:/Volumes/main/fsi_smart_claims/volume_claims/Images/18-minor.png,2024-12-14T11:57:47Z,1468312,/9j/4AAQSkZJRgABAQAAAQABAAD/2wBDAAgGBgcGBQgHBwcJCQgKDBQNDAsLDBkSEw8UHRofHh0aHBwgJC4nICIsIxwcKDcpLDAxNDQ0Hyc5PTgyPC4zNDL/2wBDAQkJCQwLDBgNDRgyIRwhMjIyMjIyMjIyMjIyMjIyMjIyMjI= (truncated),minor,"{""label"":""minor"",""score"":0.42162054777145386}"
dbfs:/Volumes/main/fsi_smart_claims/volume_claims/Images/19-minor.png,2024-12-14T11:57:47Z,1519085,/9j/4AAQSkZJRgABAQAAAQABAAD/2wBDAAgGBgcGBQgHBwcJCQgKDBQNDAsLDBkSEw8UHRofHh0aHBwgJC4nICIsIxwcKDcpLDAxNDQ0Hyc5PTgyPC4zNDL/2wBDAQkJCQwLDBgNDRgyIRwhMjIyMjIyMjIyMjIyMjIyMjIyMjI= (truncated),minor,"{""label"":""minor"",""score"":0.39103832840919495}"
dbfs:/Volumes/main/fsi_smart_claims/volume_claims/Images/2-minor.png,2024-12-14T11:57:47Z,1699955,/9j/4AAQSkZJRgABAQAAAQABAAD/2wBDAAgGBgcGBQgHBwcJCQgKDBQNDAsLDBkSEw8UHRofHh0aHBwgJC4nICIsIxwcKDcpLDAxNDQ0Hyc5PTgyPC4zNDL/2wBDAQkJCQwLDBgNDRgyIRwhMjIyMjIyMjIyMjIyMjIyMjIyMjI= (truncated),minor,"{""label"":""minor"",""score"":0.3788071274757385}"
dbfs:/Volumes/main/fsi_smart_claims/volume_claims/Images/20-minor.png,2024-12-14T11:57:47Z,1475868,/9j/4AAQSkZJRgABAQAAAQABAAD/2wBDAAgGBgcGBQgHBwcJCQgKDBQNDAsLDBkSEw8UHRofHh0aHBwgJC4nICIsIxwcKDcpLDAxNDQ0Hyc5PTgyPC4zNDL/2wBDAQkJCQwLDBgNDRgyIRwhMjIyMjIyMjIyMjIyMjIyMjIyMjI= (truncated),minor,"{""label"":""minor"",""score"":0.3731130361557007}"
dbfs:/Volumes/main/fsi_smart_claims/volume_claims/Images/21-minor.png,2024-12-14T11:57:47Z,1448062,/9j/4AAQSkZJRgABAQAAAQABAAD/2wBDAAgGBgcGBQgHBwcJCQgKDBQNDAsLDBkSEw8UHRofHh0aHBwgJC4nICIsIxwcKDcpLDAxNDQ0Hyc5PTgyPC4zNDL/2wBDAQkJCQwLDBgNDRgyIRwhMjIyMjIyMjIyMjIyMjIyMjIyMjI= (truncated),minor,"{""label"":""minor"",""score"":0.4095126688480377}"
dbfs:/Volumes/main/fsi_smart_claims/volume_claims/Images/22-minor.png,2024-12-14T11:57:47Z,1533565,/9j/4AAQSkZJRgABAQAAAQABAAD/2wBDAAgGBgcGBQgHBwcJCQgKDBQNDAsLDBkSEw8UHRofHh0aHBwgJC4nICIsIxwcKDcpLDAxNDQ0Hyc5PTgyPC4zNDL/2wBDAQkJCQwLDBgNDRgyIRwhMjIyMjIyMjIyMjIyMjIyMjIyMjI= (truncated),minor,"{""label"":""minor"",""score"":0.39694392681121826}"
dbfs:/Volumes/main/fsi_smart_claims/volume_claims/Images/23-minor.png,2024-12-14T11:57:47Z,1570651,/9j/4AAQSkZJRgABAQAAAQABAAD/2wBDAAgGBgcGBQgHBwcJCQgKDBQNDAsLDBkSEw8UHRofHh0aHBwgJC4nICIsIxwcKDcpLDAxNDQ0Hyc5PTgyPC4zNDL/2wBDAQkJCQwLDBgNDRgyIRwhMjIyMjIyMjIyMjIyMjIyMjIyMjI= (truncated),minor,"{""label"":""minor"",""score"":0.37604907155036926}"
dbfs:/Volumes/main/fsi_smart_claims/volume_claims/Images/24-minor.png,2024-12-14T11:57:47Z,1401397,/9j/4AAQSkZJRgABAQAAAQABAAD/2wBDAAgGBgcGBQgHBwcJCQgKDBQNDAsLDBkSEw8UHRofHh0aHBwgJC4nICIsIxwcKDcpLDAxNDQ0Hyc5PTgyPC4zNDL/2wBDAQkJCQwLDBgNDRgyIRwhMjIyMjIyMjIyMjIyMjIyMjIyMjI= (truncated),minor,"{""label"":""minor"",""score"":0.381553590297699}"
dbfs:/Volumes/main/fsi_smart_claims/volume_claims/Images/25-minor.png,2024-12-14T11:57:47Z,1425057,/9j/4AAQSkZJRgABAQAAAQABAAD/2wBDAAgGBgcGBQgHBwcJCQgKDBQNDAsLDBkSEw8UHRofHh0aHBwgJC4nICIsIxwcKDcpLDAxNDQ0Hyc5PTgyPC4zNDL/2wBDAQkJCQwLDBgNDRgyIRwhMjIyMjIyMjIyMjIyMjIyMjIyMjI= (truncated),minor,"{""label"":""minor"",""score"":0.4183834493160248}"
dbfs:/Volumes/main/fsi_smart_claims/volume_claims/Images/26-minor.png,2024-12-14T11:57:47Z,1561907,/9j/4AAQSkZJRgABAQAAAQABAAD/2wBDAAgGBgcGBQgHBwcJCQgKDBQNDAsLDBkSEw8UHRofHh0aHBwgJC4nICIsIxwcKDcpLDAxNDQ0Hyc5PTgyPC4zNDL/2wBDAQkJCQwLDBgNDRgyIRwhMjIyMjIyMjIyMjIyMjIyMjIyMjI= (truncated),minor,"{""label"":""minor"",""score"":0.39165541529655457}"
dbfs:/Volumes/main/fsi_smart_claims/volume_claims/Images/27-minor.png,2024-12-14T11:57:47Z,1782642,/9j/4AAQSkZJRgABAQAAAQABAAD/2wBDAAgGBgcGBQgHBwcJCQgKDBQNDAsLDBkSEw8UHRofHh0aHBwgJC4nICIsIxwcKDcpLDAxNDQ0Hyc5PTgyPC4zNDL/2wBDAQkJCQwLDBgNDRgyIRwhMjIyMjIyMjIyMjIyMjIyMjIyMjI= (truncated),minor,"{""label"":""minor"",""score"":0.4033803641796112}"
dbfs:/Volumes/main/fsi_smart_claims/volume_claims/Images/28-minor.png,2024-12-14T11:57:47Z,1715290,/9j/4AAQSkZJRgABAQAAAQABAAD/2wBDAAgGBgcGBQgHBwcJCQgKDBQNDAsLDBkSEw8UHRofHh0aHBwgJC4nICIsIxwcKDcpLDAxNDQ0Hyc5PTgyPC4zNDL/2wBDAQkJCQwLDBgNDRgyIRwhMjIyMjIyMjIyMjIyMjIyMjIyMjI= (truncated),minor,"{""label"":""minor"",""score"":0.4193357229232788}"
dbfs:/Volumes/main/fsi_smart_claims/volume_claims/Images/29-minor.png,2024-12-14T11:57:47Z,2053150,/9j/4AAQSkZJRgABAQAAAQABAAD/2wBDAAgGBgcGBQgHBwcJCQgKDBQNDAsLDBkSEw8UHRofHh0aHBwgJC4nICIsIxwcKDcpLDAxNDQ0Hyc5PTgyPC4zNDL/2wBDAQkJCQwLDBgNDRgyIRwhMjIyMjIyMjIyMjIyMjIyMjIyMjI= (truncated),minor,"{""label"":""minor"",""score"":0.35520535707473755}"
dbfs:/Volumes/main/fsi_smart_claims/volume_claims/Images/3-ok.png,2024-12-14T11:57:48Z,1604294,/9j/4AAQSkZJRgABAQAAAQABAAD/2wBDAAgGBgcGBQgHBwcJCQgKDBQNDAsLDBkSEw8UHRofHh0aHBwgJC4nICIsIxwcKDcpLDAxNDQ0Hyc5PTgyPC4zNDL/2wBDAQkJCQwLDBgNDRgyIRwhMjIyMjIyMjIyMjIyMjIyMjIyMjI= (truncated),ok,"{""label"":""minor"",""score"":0.3363083004951477}"
dbfs:/Volumes/main/fsi_smart_claims/volume_claims/Images/30-minor.png,2024-12-14T11:57:48Z,1663178,/9j/4AAQSkZJRgABAQAAAQABAAD/2wBDAAgGBgcGBQgHBwcJCQgKDBQNDAsLDBkSEw8UHRofHh0aHBwgJC4nICIsIxwcKDcpLDAxNDQ0Hyc5PTgyPC4zNDL/2wBDAQkJCQwLDBgNDRgyIRwhMjIyMjIyMjIyMjIyMjIyMjIyMjI= (truncated),minor,"{""label"":""minor"",""score"":0.41015946865081787}"
dbfs:/Volumes/main/fsi_smart_claims/volume_claims/Images/31-minor.png,2024-12-14T11:57:48Z,1735670,/9j/4AAQSkZJRgABAQAAAQABAAD/2wBDAAgGBgcGBQgHBwcJCQgKDBQNDAsLDBkSEw8UHRofHh0aHBwgJC4nICIsIxwcKDcpLDAxNDQ0Hyc5PTgyPC4zNDL/2wBDAQkJCQwLDBgNDRgyIRwhMjIyMjIyMjIyMjIyMjIyMjIyMjI= (truncated),minor,"{""label"":""minor"",""score"":0.3861319124698639}"
dbfs:/Volumes/main/fsi_smart_claims/volume_claims/Images/32-minor.png,2024-12-14T11:57:48Z,1701325,/9j/4AAQSkZJRgABAQAAAQABAAD/2wBDAAgGBgcGBQgHBwcJCQgKDBQNDAsLDBkSEw8UHRofHh0aHBwgJC4nICIsIxwcKDcpLDAxNDQ0Hyc5PTgyPC4zNDL/2wBDAQkJCQwLDBgNDRgyIRwhMjIyMjIyMjIyMjIyMjIyMjIyMjI= (truncated),minor,"{""label"":""minor"",""score"":0.35630905628204346}"
dbfs:/Volumes/main/fsi_smart_claims/volume_claims/Images/33-minor.png,2024-12-14T11:57:48Z,1669305,/9j/4AAQSkZJRgABAQAAAQABAAD/2wBDAAgGBgcGBQgHBwcJCQgKDBQNDAsLDBkSEw8UHRofHh0aHBwgJC4nICIsIxwcKDcpLDAxNDQ0Hyc5PTgyPC4zNDL/2wBDAQkJCQwLDBgNDRgyIRwhMjIyMjIyMjIyMjIyMjIyMjIyMjI= (truncated),minor,"{""label"":""minor"",""score"":0.3799722492694855}"
dbfs:/Volumes/main/fsi_smart_claims/volume_claims/Images/34-major.png,2024-12-14T11:57:48Z,1661230,/9j/4AAQSkZJRgABAQAAAQABAAD/2wBDAAgGBgcGBQgHBwcJCQgKDBQNDAsLDBkSEw8UHRofHh0aHBwgJC4nICIsIxwcKDcpLDAxNDQ0Hyc5PTgyPC4zNDL/2wBDAQkJCQwLDBgNDRgyIRwhMjIyMjIyMjIyMjIyMjIyMjIyMjI= (truncated),major,"{""label"":""major"",""score"":0.3519189655780792}"
